model_name,cv_accuracy,cv_f1,cv_precision,cv_recall,cv_roc_auc,model,best_params
XGBoost (Best from Search),0.9046028072693328,0.6634862653958422,0.7296082449343614,0.6087517411336119,0.9321905790661982,"XGBClassifier(base_score=None, booster=None, callbacks=None,
              colsample_bylevel=None, colsample_bynode=None,
              colsample_bytree=0.8, device=None, early_stopping_rounds=None,
              enable_categorical=False, eval_metric=None, feature_types=None,
              feature_weights=None, gamma=None, grow_policy=None,
              importance_type=None, interaction_constraints=None,
              learning_rate=0.05, max_bin=None, max_cat_threshold=None,
              max_cat_to_onehot=None, max_delta_step=None, max_depth=3,
              max_leaves=None, min_child_weight=None, missing=nan,
              monotone_constraints=None, multi_strategy=None, n_estimators=200,
              n_jobs=-1, num_parallel_tree=None, ...)","{'subsample': 1.0, 'n_estimators': 200, 'max_depth': 3, 'learning_rate': 0.05, 'colsample_bytree': 0.8}"
Random Forest (Best from Search),0.9046030128848994,0.6554106057000796,0.7425914838784403,0.5871273974070502,0.9277361850057486,"RandomForestClassifier(min_samples_leaf=2, n_estimators=200, n_jobs=-1,
                       random_state=42)","{'n_estimators': 200, 'min_samples_split': 2, 'min_samples_leaf': 2, 'max_features': 'sqrt', 'max_depth': None}"
Neural Network (Best from Search),0.8972020861755402,0.6298689534065363,0.710664944232642,0.5674445515911283,0.9025938299479034,"Pipeline(steps=[('scaler', StandardScaler()),
                ('classifier',
                 MLPClassifier(alpha=0.1, early_stopping=True,
                               hidden_layer_sizes=(256, 128, 64), max_iter=300,
                               random_state=42, validation_fraction=0.2))])","{'classifier__learning_rate_init': 0.001, 'classifier__hidden_layer_sizes': (256, 128, 64), 'classifier__alpha': 0.1, 'classifier__activation': 'relu'}"
Logistic Regression - L1 (Lasso),0.8833131658731619,0.4955711425930113,0.7461985962212592,0.3715268402442945,0.8812361349860366,"LogisticRegression(C=100.0, max_iter=1000, penalty='l1', random_state=42,
                   solver='liblinear')","{'solver': 'liblinear', 'penalty': 'l1', 'max_iter': 1000, 'C': 100.0}"
Logistic Regression - L2 (Ridge),0.8814884305260982,0.49062509058413684,0.7310408610112331,0.369566055930569,0.884715170381074,"LogisticRegression(C=0.1, max_iter=1000, random_state=42, solver='liblinear')","{'solver': 'liblinear', 'penalty': 'l2', 'max_iter': 1000, 'C': 0.1}"
Logistic Regression - No Regularization,0.8805760628525665,0.4897457623027224,0.7208869133364567,0.3715204114432658,0.8677525489146312,"LogisticRegression(max_iter=1000, penalty=None, random_state=42)",{'penalty': 'none'}
Logistic Regression - ElasticNet,0.8688157263010068,0.3080121013230105,0.8425634924513814,0.19201971498982104,0.4865594033488823,"LogisticRegression(C=0.01, l1_ratio=0.5, max_iter=1000, penalty='elasticnet',
                   random_state=42, solver='saga')","{'solver': 'saga', 'penalty': 'elasticnet', 'max_iter': 1000, 'l1_ratio': 0.5, 'C': 0.01}"
