mean_fit_time,std_fit_time,mean_score_time,std_score_time,param_colsample_bytree,param_learning_rate,param_max_depth,param_min_child_weight,param_n_estimators,param_reg_alpha,param_reg_lambda,param_subsample,params,split0_test_score,split1_test_score,split2_test_score,split3_test_score,split4_test_score,mean_f1,std_f1,rank_test_score
1.4462655544281007,0.06486563444922933,0.04423179626464844,0.009555650675116465,0.935392305505594,0.009559810091682927,10,2,692,1.2861756891861482,6.6829607218310025,0.6325395122567599,"{'colsample_bytree': np.float64(0.935392305505594), 'learning_rate': np.float64(0.009559810091682927), 'max_depth': 10, 'min_child_weight': 2, 'n_estimators': 692, 'reg_alpha': np.float64(1.2861756891861482), 'reg_lambda': np.float64(6.6829607218310025), 'subsample': np.float64(0.6325395122567599)}",0.6861313868613139,0.6685314685314685,0.6535211267605634,0.676056338028169,0.6724386724386724,0.6713357985240375,0.010654914876012306,1
1.0560059547424316,0.04007637728962104,0.03186960220336914,0.00607576020333537,0.6307919639315172,0.0046422313960206695,8,4,877,0.13236410903032547,0.15224209209544587,0.6421977039321082,"{'colsample_bytree': np.float64(0.6307919639315172), 'learning_rate': np.float64(0.0046422313960206695), 'max_depth': 8, 'min_child_weight': 4, 'n_estimators': 877, 'reg_alpha': np.float64(0.13236410903032547), 'reg_lambda': np.float64(0.15224209209544587), 'subsample': np.float64(0.6421977039321082)}",0.6807909604519774,0.6666666666666666,0.6512261580381471,0.6703146374829001,0.685472496473907,0.6708941838227197,0.011962544887543971,2
1.2713207244873046,0.06018053049588409,0.031051254272460936,0.0034183179634908597,0.9013512741035766,0.0073414964388430325,9,3,744,0.007761362190224617,6.612070221028301,0.6994896617721151,"{'colsample_bytree': np.float64(0.9013512741035766), 'learning_rate': np.float64(0.0073414964388430325), 'max_depth': 9, 'min_child_weight': 3, 'n_estimators': 744, 'reg_alpha': np.float64(0.007761362190224617), 'reg_lambda': np.float64(6.612070221028301), 'subsample': np.float64(0.6994896617721151)}",0.6818181818181818,0.6602739726027397,0.6555090655509066,0.675,0.6770098730606487,0.6699222186064954,0.010181947576257837,3
1.7996876239776611,0.037210401295767595,0.03647723197937012,0.003991559393168867,0.7181162353675755,0.005523304462881145,10,1,692,0.3254021513867689,0.27413507419758276,0.7174367377057973,"{'colsample_bytree': np.float64(0.7181162353675755), 'learning_rate': np.float64(0.005523304462881145), 'max_depth': 10, 'min_child_weight': 1, 'n_estimators': 692, 'reg_alpha': np.float64(0.3254021513867689), 'reg_lambda': np.float64(0.27413507419758276), 'subsample': np.float64(0.7174367377057973)}",0.6697388632872504,0.6755555555555556,0.6506024096385542,0.685459940652819,0.6646341463414634,0.6691981830951285,0.011591259642272644,4
0.7296714305877685,0.07542966700024414,0.01615452766418457,0.0034429259143411053,0.8959635041789498,0.003533365243617354,8,1,361,0.03039526635061922,0.36180315099854704,0.7190540698037243,"{'colsample_bytree': np.float64(0.8959635041789498), 'learning_rate': np.float64(0.003533365243617354), 'max_depth': 8, 'min_child_weight': 1, 'n_estimators': 361, 'reg_alpha': np.float64(0.03039526635061922), 'reg_lambda': np.float64(0.36180315099854704), 'subsample': np.float64(0.7190540698037243)}",0.6824512534818942,0.6666666666666666,0.6476190476190476,0.6602739726027397,0.6852367688022284,0.6684495418345153,0.01401275835594247,5
0.6860068321228028,0.042724475630323076,0.02460761070251465,0.00680650952616204,0.793008379857057,0.013629088987857823,10,5,368,0.002924515035452405,0.20637552043950233,0.8690073824308153,"{'colsample_bytree': np.float64(0.793008379857057), 'learning_rate': np.float64(0.013629088987857823), 'max_depth': 10, 'min_child_weight': 5, 'n_estimators': 368, 'reg_alpha': np.float64(0.002924515035452405), 'reg_lambda': np.float64(0.20637552043950233), 'subsample': np.float64(0.8690073824308153)}",0.670605612998523,0.6666666666666666,0.6451612903225806,0.6781609195402298,0.6755162241887905,0.6672221427433581,0.011720804230136524,6
1.1937074184417724,0.09773336915666596,0.04894418716430664,0.006411872113130982,0.6738084077425509,0.003031929318020779,9,8,825,0.12338826503602003,0.29898855088295273,0.7850138864532592,"{'colsample_bytree': np.float64(0.6738084077425509), 'learning_rate': np.float64(0.003031929318020779), 'max_depth': 9, 'min_child_weight': 8, 'n_estimators': 825, 'reg_alpha': np.float64(0.12338826503602003), 'reg_lambda': np.float64(0.29898855088295273), 'subsample': np.float64(0.7850138864532592)}",0.6904109589041096,0.6622864651773982,0.6464379947229552,0.6613965744400527,0.6739130434782609,0.6668890073445553,0.014643861646692735,7
0.5911960124969482,0.051625690224694466,0.0166532039642334,0.005444788572778007,0.682533487362317,0.006889629644036303,8,2,372,0.00028936961811419,0.8405848845424381,0.8751138868384332,"{'colsample_bytree': np.float64(0.682533487362317), 'learning_rate': np.float64(0.006889629644036303), 'max_depth': 8, 'min_child_weight': 2, 'n_estimators': 372, 'reg_alpha': np.float64(0.00028936961811419), 'reg_lambda': np.float64(0.8405848845424381), 'subsample': np.float64(0.8751138868384332)}",0.6850828729281768,0.6639566395663956,0.6442048517520216,0.6567567567567567,0.6834733893557423,0.6666949020718187,0.015695236761450675,8
1.7902864933013916,0.03398112131526302,0.052318477630615236,0.006005442313891645,0.78966953163493,0.0016792653941818658,10,5,850,0.005389166549370605,0.7222628076034489,0.8599094730571053,"{'colsample_bytree': np.float64(0.78966953163493), 'learning_rate': np.float64(0.0016792653941818658), 'max_depth': 10, 'min_child_weight': 5, 'n_estimators': 850, 'reg_alpha': np.float64(0.005389166549370605), 'reg_lambda': np.float64(0.7222628076034489), 'subsample': np.float64(0.8599094730571053)}",0.6851595006934813,0.6612466124661247,0.6503401360544218,0.6639676113360324,0.6722454672245467,0.6665918655549214,0.011630111255044226,9
0.4661436080932617,0.01239969478148972,0.01685781478881836,0.00478165520630211,0.6381640465961645,0.00713286363374483,8,8,398,0.09046673956058787,0.12557036943140693,0.8244973703390804,"{'colsample_bytree': np.float64(0.6381640465961645), 'learning_rate': np.float64(0.00713286363374483), 'max_depth': 8, 'min_child_weight': 8, 'n_estimators': 398, 'reg_alpha': np.float64(0.09046673956058787), 'reg_lambda': np.float64(0.12557036943140693), 'subsample': np.float64(0.8244973703390804)}",0.6783783783783783,0.6675358539765319,0.6457516339869281,0.665785997357992,0.6738836265223275,0.6662670980444316,0.011201964848744103,10
0.5874533653259277,0.005068080637328889,0.014786577224731446,0.0017292908599645792,0.9903408317850139,0.015417806408520467,8,3,419,0.0022602748689012596,0.5700142105246945,0.6313825525369063,"{'colsample_bytree': np.float64(0.9903408317850139), 'learning_rate': np.float64(0.015417806408520467), 'max_depth': 8, 'min_child_weight': 3, 'n_estimators': 419, 'reg_alpha': np.float64(0.0022602748689012596), 'reg_lambda': np.float64(0.5700142105246945), 'subsample': np.float64(0.6313825525369063)}",0.673469387755102,0.664804469273743,0.6406926406926406,0.676056338028169,0.6755162241887905,0.6661078119876891,0.013336519954545512,11
1.2610854148864745,0.0651208615181201,0.04510798454284668,0.010288624989830953,0.7177795568278342,0.007693455122056542,9,1,555,0.026693121999324727,0.3095618749156968,0.7578765867237889,"{'colsample_bytree': np.float64(0.7177795568278342), 'learning_rate': np.float64(0.007693455122056542), 'max_depth': 9, 'min_child_weight': 1, 'n_estimators': 555, 'reg_alpha': np.float64(0.026693121999324727), 'reg_lambda': np.float64(0.3095618749156968), 'subsample': np.float64(0.7578765867237889)}",0.6796992481203008,0.6676342525399129,0.6398809523809523,0.6734992679355783,0.6696562032884903,0.6660739848530469,0.013726793523731722,12
0.8337431907653808,0.0685901347680367,0.024771833419799806,0.0041409898023556145,0.9861007321563079,0.011276669517080276,8,5,649,0.05048653998722949,3.5458438462279824,0.8904365334890646,"{'colsample_bytree': np.float64(0.9861007321563079), 'learning_rate': np.float64(0.011276669517080276), 'max_depth': 8, 'min_child_weight': 5, 'n_estimators': 649, 'reg_alpha': np.float64(0.05048653998722949), 'reg_lambda': np.float64(3.5458438462279824), 'subsample': np.float64(0.8904365334890646)}",0.6827880512091038,0.6557377049180327,0.6544428772919605,0.6703910614525139,0.664796633941094,0.665631265762541,0.01039971283160888,13
0.50894193649292,0.009416639761671664,0.016847610473632812,0.002780199052947901,0.7321010116076394,0.009992789196904403,7,5,519,0.07200540973718997,9.202280002745624,0.9068779412434287,"{'colsample_bytree': np.float64(0.7321010116076394), 'learning_rate': np.float64(0.009992789196904403), 'max_depth': 7, 'min_child_weight': 5, 'n_estimators': 519, 'reg_alpha': np.float64(0.07200540973718997), 'reg_lambda': np.float64(9.202280002745624), 'subsample': np.float64(0.9068779412434287)}",0.6862483311081442,0.6553966189856957,0.6527415143603134,0.6587926509186351,0.6729475100942126,0.6652253250934003,0.012612907787600656,14
0.8879983425140381,0.04745060821213767,0.035550689697265624,0.010255992269786463,0.6510758917689862,0.003760930855839689,10,8,489,0.06446640625767108,0.09003003918352882,0.8719379119600983,"{'colsample_bytree': np.float64(0.6510758917689862), 'learning_rate': np.float64(0.003760930855839689), 'max_depth': 10, 'min_child_weight': 8, 'n_estimators': 489, 'reg_alpha': np.float64(0.06446640625767108), 'reg_lambda': np.float64(0.09003003918352882), 'subsample': np.float64(0.8719379119600983)}",0.6793478260869565,0.6622516556291391,0.6455026455026455,0.6622340425531915,0.6767123287671233,0.6652096997078111,0.012150470266679909,15
0.6209784030914307,0.035788484376388735,0.021677207946777344,0.0025905938310361574,0.8951587666783074,0.018861894137619028,8,5,546,0.00017321306175576006,1.8371678720562856,0.6634585790569963,"{'colsample_bytree': np.float64(0.8951587666783074), 'learning_rate': np.float64(0.018861894137619028), 'max_depth': 8, 'min_child_weight': 5, 'n_estimators': 546, 'reg_alpha': np.float64(0.00017321306175576006), 'reg_lambda': np.float64(1.8371678720562856), 'subsample': np.float64(0.6634585790569963)}",0.6705710102489019,0.6647482014388489,0.6462882096069869,0.6770538243626062,0.6656934306569343,0.6648709352628556,0.010265699164981318,16
0.6354017734527588,0.057571740318664195,0.014992141723632812,0.005168866474464176,0.6989392406972791,0.010882171593583376,8,1,350,0.0023640626692383545,0.06743891834856677,0.9512882669916769,"{'colsample_bytree': np.float64(0.6989392406972791), 'learning_rate': np.float64(0.010882171593583376), 'max_depth': 8, 'min_child_weight': 1, 'n_estimators': 350, 'reg_alpha': np.float64(0.0023640626692383545), 'reg_lambda': np.float64(0.06743891834856677), 'subsample': np.float64(0.9512882669916769)}",0.6829971181556196,0.6610407876230661,0.6330532212885154,0.6638655462184874,0.68188302425107,0.6645679395073516,0.018141435480642832,17
0.6129719257354737,0.0336755662885578,0.019423770904541015,0.004569987326766922,0.8255860368075345,0.08600008790527941,8,2,425,0.00039701842220478086,36.484560830478,0.8374369814216195,"{'colsample_bytree': np.float64(0.8255860368075345), 'learning_rate': np.float64(0.08600008790527941), 'max_depth': 8, 'min_child_weight': 2, 'n_estimators': 425, 'reg_alpha': np.float64(0.00039701842220478086), 'reg_lambda': np.float64(36.484560830478), 'subsample': np.float64(0.8374369814216195)}",0.6646433990895296,0.6706408345752608,0.6435045317220544,0.6786248131539612,0.6595092024539877,0.6633845561989588,0.01180455364004085,18
0.4767183780670166,0.04515263134885231,0.017035770416259765,0.0037506319387847105,0.8253102287905535,0.03984771085017744,7,7,530,0.011269758643814657,10.524574681335638,0.6915192661966489,"{'colsample_bytree': np.float64(0.8253102287905535), 'learning_rate': np.float64(0.03984771085017744), 'max_depth': 7, 'min_child_weight': 7, 'n_estimators': 530, 'reg_alpha': np.float64(0.011269758643814657), 'reg_lambda': np.float64(10.524574681335638), 'subsample': np.float64(0.6915192661966489)}",0.6734104046242775,0.6685552407932012,0.6437768240343348,0.6762177650429799,0.6511627906976745,0.6626246050384935,0.012828810925658038,19
1.1501663684844972,0.027280430845836874,0.03249835968017578,0.0027092165600211423,0.7769408918924418,0.003562524879545171,8,8,900,0.19998014714101092,0.1317454386434277,0.9819461122652776,"{'colsample_bytree': np.float64(0.7769408918924418), 'learning_rate': np.float64(0.003562524879545171), 'max_depth': 8, 'min_child_weight': 8, 'n_estimators': 900, 'reg_alpha': np.float64(0.19998014714101092), 'reg_lambda': np.float64(0.1317454386434277), 'subsample': np.float64(0.9819461122652776)}",0.6854838709677419,0.6552631578947369,0.6445623342175066,0.660427807486631,0.6657681940700808,0.6623010729273394,0.013543760751236991,20
0.4570154190063477,0.011228085446723213,0.01568183898925781,0.0037816654006662394,0.9353314818844551,0.011980557267891894,5,7,684,0.00011704687528241022,0.020018717060719192,0.8766857588675647,"{'colsample_bytree': np.float64(0.9353314818844551), 'learning_rate': np.float64(0.011980557267891894), 'max_depth': 5, 'min_child_weight': 7, 'n_estimators': 684, 'reg_alpha': np.float64(0.00011704687528241022), 'reg_lambda': np.float64(0.020018717060719192), 'subsample': np.float64(0.8766857588675647)}",0.6684280052840158,0.6512820512820513,0.6536964980544747,0.6649282920469362,0.6684141546526867,0.6613498002640329,0.007385719964211065,21
0.4818459987640381,0.014267256866263473,0.016951274871826173,0.004037473536041789,0.9425959364753289,0.032784895544719445,6,8,635,0.16296576926690892,0.012765717873951688,0.8343102325093853,"{'colsample_bytree': np.float64(0.9425959364753289), 'learning_rate': np.float64(0.032784895544719445), 'max_depth': 6, 'min_child_weight': 8, 'n_estimators': 635, 'reg_alpha': np.float64(0.16296576926690892), 'reg_lambda': np.float64(0.012765717873951688), 'subsample': np.float64(0.8343102325093853)}",0.6695652173913044,0.6629213483146067,0.6502177068214804,0.6733238231098431,0.6503597122302158,0.66127756157349,0.009570992761725657,22
0.9597771167755127,0.03566100693434854,0.03903069496154785,0.005204467338006224,0.9464704583099741,0.02416482602989751,10,3,608,7.072114131472227,21.368329072358772,0.6849356442713105,"{'colsample_bytree': np.float64(0.9464704583099741), 'learning_rate': np.float64(0.02416482602989751), 'max_depth': 10, 'min_child_weight': 3, 'n_estimators': 608, 'reg_alpha': np.float64(7.072114131472227), 'reg_lambda': np.float64(21.368329072358772), 'subsample': np.float64(0.6849356442713105)}",0.6760168302945302,0.6585034013605442,0.6457765667574932,0.6621438263229308,0.6629526462395543,0.6610786541950106,0.009680716400476004,23
1.0090420246124268,0.03197645335787923,0.03641905784606934,0.003203764450482655,0.79201838680739,0.009282510324808613,7,5,877,1.059798590540534,40.98304611249144,0.8469054848389168,"{'colsample_bytree': np.float64(0.79201838680739), 'learning_rate': np.float64(0.009282510324808613), 'max_depth': 7, 'min_child_weight': 5, 'n_estimators': 877, 'reg_alpha': np.float64(1.059798590540534), 'reg_lambda': np.float64(40.98304611249144), 'subsample': np.float64(0.8469054848389168)}",0.6798418972332015,0.6658064516129032,0.6368286445012787,0.6623207301173403,0.660574412532637,0.6610744271994722,0.013887197347156767,24
0.5184492588043212,0.01794619377626358,0.014867019653320313,0.0006106797170628843,0.6642725493038223,0.002687177277778527,8,6,436,0.0002518655263697918,1.2532726386250705,0.7641587307958646,"{'colsample_bytree': np.float64(0.6642725493038223), 'learning_rate': np.float64(0.002687177277778527), 'max_depth': 8, 'min_child_weight': 6, 'n_estimators': 436, 'reg_alpha': np.float64(0.0002518655263697918), 'reg_lambda': np.float64(1.2532726386250705), 'subsample': np.float64(0.7641587307958646)}",0.6808510638297872,0.6572890025575447,0.6390685640362225,0.6535947712418301,0.6738544474393531,0.6609315698209475,0.014892111597153455,25
1.4049883842468263,0.06538103060076118,0.035402441024780275,0.008580156664861695,0.9110409134940902,0.012745179824227376,9,1,581,0.008025170779205825,75.79797290136806,0.9368475692542835,"{'colsample_bytree': np.float64(0.9110409134940902), 'learning_rate': np.float64(0.012745179824227376), 'max_depth': 9, 'min_child_weight': 1, 'n_estimators': 581, 'reg_alpha': np.float64(0.008025170779205825), 'reg_lambda': np.float64(75.79797290136806), 'subsample': np.float64(0.9368475692542835)}",0.6870026525198939,0.6562905317769131,0.6364812419146184,0.6649350649350649,0.6587615283267457,0.6606942038946472,0.0162450882561405,26
0.33612785339355467,0.006248026292584066,0.017867231369018556,0.005545397326530213,0.6121888610934376,0.09896637982775944,8,3,314,0.00033446126857477617,8.904731406646334,0.6729135513903832,"{'colsample_bytree': np.float64(0.6121888610934376), 'learning_rate': np.float64(0.09896637982775944), 'max_depth': 8, 'min_child_weight': 3, 'n_estimators': 314, 'reg_alpha': np.float64(0.00033446126857477617), 'reg_lambda': np.float64(8.904731406646334), 'subsample': np.float64(0.6729135513903832)}",0.6656298600311042,0.649546827794562,0.6452599388379205,0.6858877086494689,0.6562009419152276,0.6605050554456567,0.014433048414132999,27
0.8244509696960449,0.03739665249454251,0.04740595817565918,0.010908709283890986,0.7471132530877013,0.02850720787528541,8,6,810,0.0002827801042638617,21.938654178115062,0.7283120259886944,"{'colsample_bytree': np.float64(0.7471132530877013), 'learning_rate': np.float64(0.02850720787528541), 'max_depth': 8, 'min_child_weight': 6, 'n_estimators': 810, 'reg_alpha': np.float64(0.0002827801042638617), 'reg_lambda': np.float64(21.938654178115062), 'subsample': np.float64(0.7283120259886944)}",0.6773255813953488,0.6524822695035462,0.6444121915820029,0.6752873563218391,0.6510948905109489,0.6601204578627373,0.013510022217744395,28
0.41979408264160156,0.023717677400631895,0.009515380859375,0.0015726619411374361,0.9932923543227152,0.011858654556788554,7,3,320,0.017885301261862014,0.01129951608310662,0.9768807022739411,"{'colsample_bytree': np.float64(0.9932923543227152), 'learning_rate': np.float64(0.011858654556788554), 'max_depth': 7, 'min_child_weight': 3, 'n_estimators': 320, 'reg_alpha': np.float64(0.017885301261862014), 'reg_lambda': np.float64(0.01129951608310662), 'subsample': np.float64(0.9768807022739411)}",0.6722222222222223,0.6516556291390728,0.6449864498644986,0.660427807486631,0.6711956521739131,0.6600975521772676,0.010676104097410278,29
1.0291030406951904,0.02043199443647986,0.04745745658874512,0.011175235590361467,0.8118602313424026,0.003601715259696262,10,6,752,3.1775345821188252,3.4072643485301923,0.7356119164194803,"{'colsample_bytree': np.float64(0.8118602313424026), 'learning_rate': np.float64(0.003601715259696262), 'max_depth': 10, 'min_child_weight': 6, 'n_estimators': 752, 'reg_alpha': np.float64(3.1775345821188252), 'reg_lambda': np.float64(3.4072643485301923), 'subsample': np.float64(0.7356119164194803)}",0.6711590296495957,0.6504481434058899,0.6458333333333334,0.6649145860709592,0.6675531914893617,0.659981656789828,0.00997655779431443,30
0.26657633781433104,0.01162732457540399,0.011994886398315429,0.0038934865872588533,0.7396838298450643,0.04682155064038321,5,4,451,0.010532722339918608,35.569715786267544,0.9403713795070051,"{'colsample_bytree': np.float64(0.7396838298450643), 'learning_rate': np.float64(0.04682155064038321), 'max_depth': 5, 'min_child_weight': 4, 'n_estimators': 451, 'reg_alpha': np.float64(0.010532722339918608), 'reg_lambda': np.float64(35.569715786267544), 'subsample': np.float64(0.9403713795070051)}",0.6820027063599459,0.6571056062581486,0.6340819022457067,0.6596306068601583,0.6604527296937417,0.6586547102835403,0.015202215541540444,31
0.7973532199859619,0.04327825601054456,0.036855030059814456,0.003696074791124538,0.7119054028675783,0.008834846313567152,7,4,857,0.000240437330780912,57.826553459882234,0.7666556230953917,"{'colsample_bytree': np.float64(0.7119054028675783), 'learning_rate': np.float64(0.008834846313567152), 'max_depth': 7, 'min_child_weight': 4, 'n_estimators': 857, 'reg_alpha': np.float64(0.000240437330780912), 'reg_lambda': np.float64(57.826553459882234), 'subsample': np.float64(0.7666556230953917)}",0.677124183006536,0.6581956797966964,0.6362484157160964,0.6572528883183568,0.6632124352331606,0.6584067204141693,0.013159062539241243,32
0.44494476318359377,0.03355009310158045,0.014174842834472656,0.004172711290745798,0.9291161407506773,0.051576675565534975,5,5,647,6.46938120345945,0.3158510449922801,0.7142848345127443,"{'colsample_bytree': np.float64(0.9291161407506773), 'learning_rate': np.float64(0.051576675565534975), 'max_depth': 5, 'min_child_weight': 5, 'n_estimators': 647, 'reg_alpha': np.float64(6.46938120345945), 'reg_lambda': np.float64(0.3158510449922801), 'subsample': np.float64(0.7142848345127443)}",0.6666666666666666,0.6556016597510373,0.6449787835926449,0.6704067321178121,0.6543385490753911,0.6583984782407104,0.00913186206600766,33
0.23083229064941407,0.019518261169705294,0.00797286033630371,0.002226736648795405,0.8137385100117852,0.05315781588295483,5,5,322,0.6997406045784117,60.126084038369456,0.9398589562709646,"{'colsample_bytree': np.float64(0.8137385100117852), 'learning_rate': np.float64(0.05315781588295483), 'max_depth': 5, 'min_child_weight': 5, 'n_estimators': 322, 'reg_alpha': np.float64(0.6997406045784117), 'reg_lambda': np.float64(60.126084038369456), 'subsample': np.float64(0.9398589562709646)}",0.6727989487516426,0.6615384615384615,0.6357786357786358,0.6632124352331606,0.657997399219766,0.6582651761043333,0.012264880904956602,34
0.5196256637573242,0.03184782677532452,0.02011399269104004,0.006697762356870579,0.69489963499872,0.005607308700117544,6,8,691,1.7624510039685515,4.270232968405545,0.8273234413341887,"{'colsample_bytree': np.float64(0.69489963499872), 'learning_rate': np.float64(0.005607308700117544), 'max_depth': 6, 'min_child_weight': 8, 'n_estimators': 691, 'reg_alpha': np.float64(1.7624510039685515), 'reg_lambda': np.float64(4.270232968405545), 'subsample': np.float64(0.8273234413341887)}",0.6787096774193548,0.6515151515151515,0.6418485237483954,0.6538461538461539,0.6649417852522639,0.6581722583562638,0.012626231737483532,35
1.0847371578216554,0.08196573735629938,0.03494882583618164,0.004813220391279173,0.6777095814048169,0.0014562541564458748,8,8,770,0.00013743073189728517,2.0675669531624283,0.7753896492072347,"{'colsample_bytree': np.float64(0.6777095814048169), 'learning_rate': np.float64(0.0014562541564458748), 'max_depth': 8, 'min_child_weight': 8, 'n_estimators': 770, 'reg_alpha': np.float64(0.00013743073189728517), 'reg_lambda': np.float64(2.0675669531624283), 'subsample': np.float64(0.7753896492072347)}",0.6718954248366014,0.6556962025316456,0.6350832266325224,0.6545924967658473,0.6711229946524064,0.6576780690838046,0.01346755126298024,36
0.43396849632263185,0.020437213956430132,0.014188814163208007,0.0059120901888918866,0.8716409276577959,0.06544955404731362,7,2,410,0.08336762388645598,8.85706642149298,0.823096906380175,"{'colsample_bytree': np.float64(0.8716409276577959), 'learning_rate': np.float64(0.06544955404731362), 'max_depth': 7, 'min_child_weight': 2, 'n_estimators': 410, 'reg_alpha': np.float64(0.08336762388645598), 'reg_lambda': np.float64(8.85706642149298), 'subsample': np.float64(0.823096906380175)}",0.6666666666666666,0.6636771300448431,0.6270928462709284,0.6786786786786787,0.6515151515151515,0.6575260946352536,0.017499320835869258,37
0.7822536945343017,0.02044857252870958,0.02400197982788086,0.005381988518734502,0.8990875095589655,0.1559720958751953,7,1,601,6.811991466118571,71.52863022216535,0.941203782186944,"{'colsample_bytree': np.float64(0.8990875095589655), 'learning_rate': np.float64(0.1559720958751953), 'max_depth': 7, 'min_child_weight': 1, 'n_estimators': 601, 'reg_alpha': np.float64(6.811991466118571), 'reg_lambda': np.float64(71.52863022216535), 'subsample': np.float64(0.941203782186944)}",0.6586826347305389,0.665680473372781,0.6409495548961425,0.6784140969162996,0.6428571428571429,0.657316780554581,0.014098800452159423,38
0.29199919700622556,0.012084747747980113,0.010056257247924805,0.002582222832054717,0.7992990791395761,0.005756278058114389,3,1,736,0.0003227842705043216,0.04087300390305747,0.6983830913538033,"{'colsample_bytree': np.float64(0.7992990791395761), 'learning_rate': np.float64(0.005756278058114389), 'max_depth': 3, 'min_child_weight': 1, 'n_estimators': 736, 'reg_alpha': np.float64(0.0003227842705043216), 'reg_lambda': np.float64(0.04087300390305747), 'subsample': np.float64(0.6983830913538033)}",0.6785714285714286,0.6501854140914709,0.6317103620474407,0.6615384615384615,0.6632653061224489,0.6570541944742502,0.015563854973799982,39
0.29473104476928713,0.02753088619075208,0.015603160858154297,0.006786016472092882,0.6727299868828402,0.002642526057549917,6,2,321,0.00010847546640130752,0.012366582530130834,0.8099098641033556,"{'colsample_bytree': np.float64(0.6727299868828402), 'learning_rate': np.float64(0.002642526057549917), 'max_depth': 6, 'min_child_weight': 2, 'n_estimators': 321, 'reg_alpha': np.float64(0.00010847546640130752), 'reg_lambda': np.float64(0.012366582530130834), 'subsample': np.float64(0.8099098641033556)}",0.6761658031088082,0.649746192893401,0.639386189258312,0.6520618556701031,0.665785997357992,0.6566292076577233,0.012892506656049737,40
0.4409435749053955,0.011129706902776775,0.010758733749389649,0.0015408760514973997,0.8346141738643036,0.019899219274907044,4,1,817,3.149466445496976,2.6929041101116202,0.6977412621858619,"{'colsample_bytree': np.float64(0.8346141738643036), 'learning_rate': np.float64(0.019899219274907044), 'max_depth': 4, 'min_child_weight': 1, 'n_estimators': 817, 'reg_alpha': np.float64(3.149466445496976), 'reg_lambda': np.float64(2.6929041101116202), 'subsample': np.float64(0.6977412621858619)}",0.6666666666666666,0.6555269922879178,0.6380208333333334,0.657030223390276,0.6657929226736566,0.65660752767037,0.010318616123066176,41
1.0311103820800782,0.0815145401063991,0.038068628311157225,0.007110778418432293,0.7791132658292367,0.018716454479914244,9,4,738,0.6428328717564114,0.08923807143379786,0.8912865394447438,"{'colsample_bytree': np.float64(0.7791132658292367), 'learning_rate': np.float64(0.018716454479914244), 'max_depth': 9, 'min_child_weight': 4, 'n_estimators': 738, 'reg_alpha': np.float64(0.6428328717564114), 'reg_lambda': np.float64(0.08923807143379786), 'subsample': np.float64(0.8912865394447438)}",0.6635658914728683,0.6546546546546547,0.636085626911315,0.6696969696969697,0.6583850931677019,0.6564776471807019,0.011382353337908348,42
0.31581711769104004,0.015391482181512702,0.01132822036743164,0.0029435236952523943,0.8055957956639244,0.06356368818144152,6,6,405,2.050305344346676,62.81776703992857,0.6588293923716152,"{'colsample_bytree': np.float64(0.8055957956639244), 'learning_rate': np.float64(0.06356368818144152), 'max_depth': 6, 'min_child_weight': 6, 'n_estimators': 405, 'reg_alpha': np.float64(2.050305344346676), 'reg_lambda': np.float64(62.81776703992857), 'subsample': np.float64(0.6588293923716152)}",0.6730245231607629,0.660427807486631,0.633112582781457,0.656,0.6594301221166893,0.656399007109108,0.012994178999040176,43
0.587617015838623,0.04062119676937542,0.014632415771484376,0.001575726844337822,0.782613828193164,0.003181544472500027,6,6,630,0.004185285656222352,0.030785897480259315,0.7425191352307899,"{'colsample_bytree': np.float64(0.782613828193164), 'learning_rate': np.float64(0.003181544472500027), 'max_depth': 6, 'min_child_weight': 6, 'n_estimators': 630, 'reg_alpha': np.float64(0.004185285656222352), 'reg_lambda': np.float64(0.030785897480259315), 'subsample': np.float64(0.7425191352307899)}",0.6726804123711341,0.6539923954372624,0.631979695431472,0.6571798188874515,0.6657963446475196,0.6563257333549679,0.013828025849583392,44
0.7618998527526856,0.02044934500767295,0.028928041458129883,0.004350183572761466,0.62234846187094,0.04965247758777988,7,3,887,0.2755180467284157,22.276938041138553,0.9467474821243366,"{'colsample_bytree': np.float64(0.62234846187094), 'learning_rate': np.float64(0.04965247758777988), 'max_depth': 7, 'min_child_weight': 3, 'n_estimators': 887, 'reg_alpha': np.float64(0.2755180467284157), 'reg_lambda': np.float64(22.276938041138553), 'subsample': np.float64(0.9467474821243366)}",0.6626686656671664,0.6526315789473685,0.6355421686746988,0.6785714285714286,0.6515837104072398,0.6561995104535805,0.01416413925460715,45
0.24650840759277343,0.015499996236211684,0.008710002899169922,0.0017302588683592406,0.8324650484723305,0.13033252738014556,4,8,541,0.05727160613570782,0.04563909716005453,0.7645020466341477,"{'colsample_bytree': np.float64(0.8324650484723305), 'learning_rate': np.float64(0.13033252738014556), 'max_depth': 4, 'min_child_weight': 8, 'n_estimators': 541, 'reg_alpha': np.float64(0.05727160613570782), 'reg_lambda': np.float64(0.04563909716005453), 'subsample': np.float64(0.7645020466341477)}",0.6775147928994083,0.6561151079136691,0.6331360946745562,0.6714905933429812,0.6404657933042213,0.6557444764269673,0.01712659527384231,46
0.34936084747314455,0.012707198218215587,0.010537004470825196,0.0028229543942436554,0.9706350500645977,0.013563580576694724,6,4,368,7.946261929395093,0.9342699405616658,0.7315006441150033,"{'colsample_bytree': np.float64(0.9706350500645977), 'learning_rate': np.float64(0.013563580576694724), 'max_depth': 6, 'min_child_weight': 4, 'n_estimators': 368, 'reg_alpha': np.float64(7.946261929395093), 'reg_lambda': np.float64(0.9342699405616658), 'subsample': np.float64(0.7315006441150033)}",0.6623376623376623,0.6540880503144654,0.6342710997442456,0.6589446589446589,0.6675291073738681,0.65543411574298,0.011453879954038182,47
0.2980213642120361,0.01731022088820325,0.009376811981201171,0.0032666793502013768,0.7737577462041715,0.006390589432813866,3,4,780,0.0009467055845337151,7.75904840166764,0.7123089449763423,"{'colsample_bytree': np.float64(0.7737577462041715), 'learning_rate': np.float64(0.006390589432813866), 'max_depth': 3, 'min_child_weight': 4, 'n_estimators': 780, 'reg_alpha': np.float64(0.0009467055845337151), 'reg_lambda': np.float64(7.75904840166764), 'subsample': np.float64(0.7123089449763423)}",0.6759493670886076,0.6501240694789082,0.6343283582089553,0.6564885496183206,0.6598984771573604,0.6553577643104305,0.013531728168384948,48
0.33397226333618163,0.042721833888602095,0.012170028686523438,0.00504951042927772,0.9237444621914055,0.07312994066373357,3,8,824,0.00025584144658120537,0.010489129591818507,0.8511577659794545,"{'colsample_bytree': np.float64(0.9237444621914055), 'learning_rate': np.float64(0.07312994066373357), 'max_depth': 3, 'min_child_weight': 8, 'n_estimators': 824, 'reg_alpha': np.float64(0.00025584144658120537), 'reg_lambda': np.float64(0.010489129591818507), 'subsample': np.float64(0.8511577659794545)}",0.661134163208852,0.656,0.6389261744966444,0.663923182441701,0.6566757493188011,0.6553318538931997,0.008704901035857266,49
1.0143597602844239,0.05208033189475257,0.030465412139892577,0.0010497399455895347,0.8046628054189044,0.0022972610890749333,10,5,636,0.0024231943110844464,16.780508579130995,0.8993038761534633,"{'colsample_bytree': np.float64(0.8046628054189044), 'learning_rate': np.float64(0.0022972610890749333), 'max_depth': 10, 'min_child_weight': 5, 'n_estimators': 636, 'reg_alpha': np.float64(0.0024231943110844464), 'reg_lambda': np.float64(16.780508579130995), 'subsample': np.float64(0.8993038761534633)}",0.6735751295336787,0.654911838790932,0.6264150943396226,0.6513409961685823,0.6692913385826772,0.6551068794830985,0.016611523666466677,50
0.5564420223236084,0.05443966630118734,0.021007251739501954,0.00570730066514711,0.6259568988435926,0.003839432031830243,6,6,685,0.3642109088285162,0.03911539496057504,0.9990961940195767,"{'colsample_bytree': np.float64(0.6259568988435926), 'learning_rate': np.float64(0.003839432031830243), 'max_depth': 6, 'min_child_weight': 6, 'n_estimators': 685, 'reg_alpha': np.float64(0.3642109088285162), 'reg_lambda': np.float64(0.03911539496057504), 'subsample': np.float64(0.9990961940195767)}",0.6778783958602846,0.648171500630517,0.6318471337579618,0.654639175257732,0.662269129287599,0.6549610669588188,0.015225422635753777,51
0.7626774311065674,0.05854153842939538,0.038733482360839844,0.002780491437177254,0.6339350856340767,0.18633192257349643,10,5,641,1.1587715829876237,61.51688122361411,0.9944004255291483,"{'colsample_bytree': np.float64(0.6339350856340767), 'learning_rate': np.float64(0.18633192257349643), 'max_depth': 10, 'min_child_weight': 5, 'n_estimators': 641, 'reg_alpha': np.float64(1.1587715829876237), 'reg_lambda': np.float64(61.51688122361411), 'subsample': np.float64(0.9944004255291483)}",0.6635220125786163,0.64576802507837,0.6292834890965732,0.6780185758513931,0.6572327044025157,0.6547649614014937,0.016454522660054195,52
1.6090990543365478,0.03991601910007923,0.047434759140014646,0.011506034511089589,0.9027996528688915,0.0012820653980642265,9,8,850,0.2279638473523513,1.2056765208549542,0.9089273566942557,"{'colsample_bytree': np.float64(0.9027996528688915), 'learning_rate': np.float64(0.0012820653980642265), 'max_depth': 9, 'min_child_weight': 8, 'n_estimators': 850, 'reg_alpha': np.float64(0.2279638473523513), 'reg_lambda': np.float64(1.2056765208549542), 'subsample': np.float64(0.9089273566942557)}",0.6763925729442971,0.6511024643320363,0.6363636363636364,0.6511627906976745,0.6578249336870027,0.6545692796049294,0.012976315627473511,53
0.3898753643035889,0.053988149567265484,0.011708879470825195,0.002389673619617254,0.9760920965699831,0.021095185321726904,4,3,679,0.0004390376510961758,17.571818426047667,0.9282557902975821,"{'colsample_bytree': np.float64(0.9760920965699831), 'learning_rate': np.float64(0.021095185321726904), 'max_depth': 4, 'min_child_weight': 3, 'n_estimators': 679, 'reg_alpha': np.float64(0.0004390376510961758), 'reg_lambda': np.float64(17.571818426047667), 'subsample': np.float64(0.9282557902975821)}",0.6631989596879063,0.6523929471032746,0.6404066073697586,0.6581632653061225,0.6564102564102564,0.6541144071754637,0.007681932966589291,54
1.3101531982421875,0.07508729835123053,0.0380892276763916,0.011658210201655165,0.9474396512757841,0.0032696459743243116,8,2,855,7.753599130792086,1.6750206079312506,0.7290745553110335,"{'colsample_bytree': np.float64(0.9474396512757841), 'learning_rate': np.float64(0.0032696459743243116), 'max_depth': 8, 'min_child_weight': 2, 'n_estimators': 855, 'reg_alpha': np.float64(7.753599130792086), 'reg_lambda': np.float64(1.6750206079312506), 'subsample': np.float64(0.7290745553110335)}",0.6692913385826772,0.6507537688442211,0.6361323155216285,0.6537966537966537,0.6596858638743456,0.6539319881239052,0.010917549822052683,55
0.9473345279693604,0.09882274568641544,0.029612970352172852,0.004495034094084951,0.9687496940092467,0.0015981734133214873,9,4,595,1.6698184041729127,9.756194291174575,0.815876852955632,"{'colsample_bytree': np.float64(0.9687496940092467), 'learning_rate': np.float64(0.0015981734133214873), 'max_depth': 9, 'min_child_weight': 4, 'n_estimators': 595, 'reg_alpha': np.float64(1.6698184041729127), 'reg_lambda': np.float64(9.756194291174575), 'subsample': np.float64(0.815876852955632)}",0.6701164294954722,0.6590621039290241,0.6290726817042607,0.6531130876747141,0.6580310880829016,0.6538790781772745,0.013591898818462914,56
0.542701005935669,0.04295064911901326,0.020323562622070312,0.008738796345113655,0.6888431241882921,0.0018871820873117503,6,8,673,0.00124114092991861,1.7076859609909512,0.7615344684232164,"{'colsample_bytree': np.float64(0.6888431241882921), 'learning_rate': np.float64(0.0018871820873117503), 'max_depth': 6, 'min_child_weight': 8, 'n_estimators': 673, 'reg_alpha': np.float64(0.00124114092991861), 'reg_lambda': np.float64(1.7076859609909512), 'subsample': np.float64(0.7615344684232164)}",0.670076726342711,0.6475,0.6267166042446941,0.6564102564102564,0.6675392670157068,0.6536485708026737,0.015707312874716547,57
0.2124342441558838,0.022443840938298015,0.011263370513916016,0.0036072995467896435,0.7531707499015159,0.17216254683533738,5,1,304,0.06403036652671171,12.130221181165163,0.7975182385457563,"{'colsample_bytree': np.float64(0.7531707499015159), 'learning_rate': np.float64(0.17216254683533738), 'max_depth': 5, 'min_child_weight': 1, 'n_estimators': 304, 'reg_alpha': np.float64(0.06403036652671171), 'reg_lambda': np.float64(12.130221181165163), 'subsample': np.float64(0.7975182385457563)}",0.6676646706586826,0.6549707602339181,0.6262924667651403,0.6805970149253732,0.637593984962406,0.653423779509104,0.019648263942071396,58
0.17553396224975587,0.022001482627763462,0.008044147491455078,0.002019575936005623,0.749816047538945,0.1540359659501924,5,8,320,0.0006026889128682511,0.042070539502879395,0.6232334448672797,"{'colsample_bytree': np.float64(0.749816047538945), 'learning_rate': np.float64(0.1540359659501924), 'max_depth': 5, 'min_child_weight': 8, 'n_estimators': 320, 'reg_alpha': np.float64(0.0006026889128682511), 'reg_lambda': np.float64(0.042070539502879395), 'subsample': np.float64(0.6232334448672797)}",0.6666666666666666,0.6532374100719425,0.64,0.6550218340611353,0.6517189835575485,0.6533289788714586,0.008497315128054312,59
0.3653763771057129,0.009323311323951866,0.01129755973815918,0.0006409355999058466,0.6895396263625282,0.07779736820084318,4,4,833,0.00027765958408796157,0.030376902301221666,0.7843115072130903,"{'colsample_bytree': np.float64(0.6895396263625282), 'learning_rate': np.float64(0.07779736820084318), 'max_depth': 4, 'min_child_weight': 4, 'n_estimators': 833, 'reg_alpha': np.float64(0.00027765958408796157), 'reg_lambda': np.float64(0.030376902301221666), 'subsample': np.float64(0.7843115072130903)}",0.6646795827123696,0.659942363112392,0.621897810218978,0.6745213549337261,0.6449704142011834,0.6532023050357298,0.01832699428024495,60
0.7838815212249756,0.030366087620520503,0.03361701965332031,0.005394073778342418,0.6149392754996857,0.07813193219961864,8,3,743,0.004297899035249377,20.486889035689234,0.7086171663278967,"{'colsample_bytree': np.float64(0.6149392754996857), 'learning_rate': np.float64(0.07813193219961864), 'max_depth': 8, 'min_child_weight': 3, 'n_estimators': 743, 'reg_alpha': np.float64(0.004297899035249377), 'reg_lambda': np.float64(20.486889035689234), 'subsample': np.float64(0.7086171663278967)}",0.660377358490566,0.6462480857580398,0.6261682242990654,0.676923076923077,0.6562009419152276,0.6531835374771952,0.016747233563062403,61
0.3749910831451416,0.0045212286699986065,0.01995244026184082,0.0037926597697534384,0.637469907131237,0.0070165737234186825,9,6,337,7.842676320619423,0.8850516413727313,0.9624395150874216,"{'colsample_bytree': np.float64(0.637469907131237), 'learning_rate': np.float64(0.0070165737234186825), 'max_depth': 9, 'min_child_weight': 6, 'n_estimators': 337, 'reg_alpha': np.float64(7.842676320619423), 'reg_lambda': np.float64(0.8850516413727313), 'subsample': np.float64(0.9624395150874216)}",0.6744186046511628,0.6458072590738423,0.6272040302267002,0.6512820512820513,0.6666666666666666,0.6530757223800846,0.01652649182349164,62
0.4994518280029297,0.015199974632963915,0.019141674041748047,0.003684453752574829,0.9947547746402069,0.05983542473217019,6,8,771,0.00011759777738127753,0.06242659053860573,0.88453678109946,"{'colsample_bytree': np.float64(0.9947547746402069), 'learning_rate': np.float64(0.05983542473217019), 'max_depth': 6, 'min_child_weight': 8, 'n_estimators': 771, 'reg_alpha': np.float64(0.00011759777738127753), 'reg_lambda': np.float64(0.06242659053860573), 'subsample': np.float64(0.88453678109946)}",0.6584234930448223,0.6656626506024096,0.616793893129771,0.6818181818181818,0.6425339366515838,0.6530464310493536,0.02209368451794091,63
0.24333014488220214,0.023686742785328545,0.007208824157714844,0.0003562044426393322,0.6683550349560263,0.034559552112710404,3,2,691,0.02416002729693249,22.611544844303058,0.6820310240597837,"{'colsample_bytree': np.float64(0.6683550349560263), 'learning_rate': np.float64(0.034559552112710404), 'max_depth': 3, 'min_child_weight': 2, 'n_estimators': 691, 'reg_alpha': np.float64(0.02416002729693249), 'reg_lambda': np.float64(22.611544844303058), 'subsample': np.float64(0.6820310240597837)}",0.6614583333333334,0.6466165413533834,0.6345177664974619,0.6666666666666666,0.6556543837357052,0.6529827383173101,0.011381625044596128,64
0.18041300773620605,0.015142728174800222,0.009169387817382812,0.0036520730590809923,0.6097263865725815,0.030566880158347576,3,4,519,0.022372914861151328,0.13129293810642545,0.9533976089065036,"{'colsample_bytree': np.float64(0.6097263865725815), 'learning_rate': np.float64(0.030566880158347576), 'max_depth': 3, 'min_child_weight': 4, 'n_estimators': 519, 'reg_alpha': np.float64(0.022372914861151328), 'reg_lambda': np.float64(0.13129293810642545), 'subsample': np.float64(0.9533976089065036)}",0.673469387755102,0.6541822721598003,0.6335877862595419,0.6538952745849298,0.649616368286445,0.6529502178091637,0.012723723776132224,65
0.2988466262817383,0.024573960893888958,0.010399961471557617,0.0012178112080627745,0.8688104541180797,0.0056896968950717434,4,7,489,0.0027083591868016814,2.308516815110802,0.6122000999756197,"{'colsample_bytree': np.float64(0.8688104541180797), 'learning_rate': np.float64(0.0056896968950717434), 'max_depth': 4, 'min_child_weight': 7, 'n_estimators': 489, 'reg_alpha': np.float64(0.0027083591868016814), 'reg_lambda': np.float64(2.308516815110802), 'subsample': np.float64(0.6122000999756197)}",0.6759847522236341,0.6402966625463535,0.6332916145181476,0.6539440203562341,0.659846547314578,0.6526727193917895,0.015002165824477108,66
0.37528562545776367,0.030400902284254714,0.014817237854003906,0.0103431860691487,0.6867236426345965,0.004760355702572761,3,5,865,0.08347790852520648,40.23759749324186,0.6181785521365831,"{'colsample_bytree': np.float64(0.6867236426345965), 'learning_rate': np.float64(0.004760355702572761), 'max_depth': 3, 'min_child_weight': 5, 'n_estimators': 865, 'reg_alpha': np.float64(0.08347790852520648), 'reg_lambda': np.float64(40.23759749324186), 'subsample': np.float64(0.6181785521365831)}",0.6751918158567775,0.6428571428571429,0.634207240948814,0.6547770700636942,0.6556122448979592,0.6525291029248776,0.013837594559307324,67
0.3761359691619873,0.01070952342654666,0.009972190856933594,0.0012449435129453428,0.9921850900369511,0.025074274835634035,4,6,634,0.015394819813084208,41.365166616024624,0.7393021868093201,"{'colsample_bytree': np.float64(0.9921850900369511), 'learning_rate': np.float64(0.025074274835634035), 'max_depth': 4, 'min_child_weight': 6, 'n_estimators': 634, 'reg_alpha': np.float64(0.015394819813084208), 'reg_lambda': np.float64(41.365166616024624), 'subsample': np.float64(0.7393021868093201)}",0.6649282920469362,0.6474278544542033,0.6363636363636364,0.6640926640926641,0.6479591836734694,0.6521543261261818,0.010908554043392455,68
0.38079400062561036,0.018596207127085793,0.012995004653930664,0.002621021022542754,0.7599443886861021,0.001280498549410391,6,8,489,0.0002838129270112675,2.9753909473493882,0.7529847965068651,"{'colsample_bytree': np.float64(0.7599443886861021), 'learning_rate': np.float64(0.001280498549410391), 'max_depth': 6, 'min_child_weight': 8, 'n_estimators': 489, 'reg_alpha': np.float64(0.0002838129270112675), 'reg_lambda': np.float64(2.9753909473493882), 'subsample': np.float64(0.7529847965068651)}",0.6717752234993615,0.6451612903225806,0.6292134831460674,0.6531130876747141,0.6606217616580311,0.6519769692601509,0.014370969702987253,69
0.7339818000793457,0.015549639651236721,0.024385595321655275,0.006594741276002245,0.9257873930355743,0.004452011640272703,6,2,800,0.005516746425232004,55.79465640137339,0.6156745306702585,"{'colsample_bytree': np.float64(0.9257873930355743), 'learning_rate': np.float64(0.004452011640272703), 'max_depth': 6, 'min_child_weight': 2, 'n_estimators': 800, 'reg_alpha': np.float64(0.005516746425232004), 'reg_lambda': np.float64(55.79465640137339), 'subsample': np.float64(0.6156745306702585)}",0.672544080604534,0.6420664206642066,0.628992628992629,0.654911838790932,0.6599241466498104,0.6516878231404224,0.01497236120517205,70
0.19674334526062012,0.01361125716475202,0.006709957122802734,0.0016662076175676722,0.7854793619759929,0.006502405895969089,4,4,340,0.001994110931572111,0.6500748842356476,0.6129263804438602,"{'colsample_bytree': np.float64(0.7854793619759929), 'learning_rate': np.float64(0.006502405895969089), 'max_depth': 4, 'min_child_weight': 4, 'n_estimators': 340, 'reg_alpha': np.float64(0.001994110931572111), 'reg_lambda': np.float64(0.6500748842356476), 'subsample': np.float64(0.6129263804438602)}",0.6691919191919192,0.6410891089108911,0.6332916145181476,0.6539440203562341,0.6606683804627249,0.6516370086879834,0.01298364000368515,71
0.3412186145782471,0.020390731751357458,0.013028764724731445,0.005359414988094362,0.9332779646944658,0.0025056318905062307,3,4,861,0.20540519425388448,0.17654048052495078,0.8080272084711243,"{'colsample_bytree': np.float64(0.9332779646944658), 'learning_rate': np.float64(0.0025056318905062307), 'max_depth': 3, 'min_child_weight': 4, 'n_estimators': 861, 'reg_alpha': np.float64(0.20540519425388448), 'reg_lambda': np.float64(0.17654048052495078), 'subsample': np.float64(0.8080272084711243)}",0.676923076923077,0.6484472049689441,0.6243781094527363,0.6531645569620254,0.6548223350253807,0.6515470566664326,0.01676333458979745,72
0.32639236450195314,0.0248726268282726,0.010473966598510742,0.0021893280143416914,0.8253152871382157,0.007706460081641807,4,5,639,0.0016037155126499177,5.408216580718498,0.8439986631130484,"{'colsample_bytree': np.float64(0.8253152871382157), 'learning_rate': np.float64(0.007706460081641807), 'max_depth': 4, 'min_child_weight': 5, 'n_estimators': 639, 'reg_alpha': np.float64(0.0016037155126499177), 'reg_lambda': np.float64(5.408216580718498), 'subsample': np.float64(0.8439986631130484)}",0.6683480453972257,0.644361833952912,0.630272952853598,0.6556543837357052,0.6574307304785895,0.651213589283606,0.012941560118619296,73
1.2512938022613525,0.061956953080028535,0.043201780319213866,0.010775339032996567,0.8186841117373118,0.0026629048398290438,9,2,855,4.9830438374949075,37.95853142670641,0.8391599915244341,"{'colsample_bytree': np.float64(0.8186841117373118), 'learning_rate': np.float64(0.0026629048398290438), 'max_depth': 9, 'min_child_weight': 2, 'n_estimators': 855, 'reg_alpha': np.float64(4.9830438374949075), 'reg_lambda': np.float64(37.95853142670641), 'subsample': np.float64(0.8391599915244341)}",0.6700379266750948,0.6420664206642066,0.6279357231149567,0.6515151515151515,0.6624365482233503,0.650798354038552,0.014866533361512899,74
0.44977502822875975,0.018594061730432317,0.01078338623046875,0.0018185368167183572,0.9627313766183017,0.004228481828788672,5,6,558,0.00010833297073737757,1.1040511903162256,0.7669644012595116,"{'colsample_bytree': np.float64(0.9627313766183017), 'learning_rate': np.float64(0.004228481828788672), 'max_depth': 5, 'min_child_weight': 6, 'n_estimators': 558, 'reg_alpha': np.float64(0.00010833297073737757), 'reg_lambda': np.float64(1.1040511903162256), 'subsample': np.float64(0.7669644012595116)}",0.6692111959287532,0.6451612903225806,0.6325,0.6531130876747141,0.6539440203562341,0.6507859188564564,0.012007426281693136,75
0.23362355232238768,0.026202273233974206,0.008790826797485352,0.002763638943435011,0.6020246335384875,0.002344359174706481,4,2,462,0.18188894230467811,0.0789000426266858,0.8848716885390143,"{'colsample_bytree': np.float64(0.6020246335384875), 'learning_rate': np.float64(0.002344359174706481), 'max_depth': 4, 'min_child_weight': 2, 'n_estimators': 462, 'reg_alpha': np.float64(0.18188894230467811), 'reg_lambda': np.float64(0.0789000426266858), 'subsample': np.float64(0.8848716885390143)}",0.6683480453972257,0.6501240694789082,0.6268656716417911,0.6507537688442211,0.6573248407643312,0.6506832792252955,0.013592280301070939,76
0.8337867736816407,0.022115455900619446,0.031850242614746095,0.004594242648985103,0.8080654004447974,0.09138926699158442,8,4,688,0.00027672036180009937,14.698443857248922,0.8359823588550545,"{'colsample_bytree': np.float64(0.8080654004447974), 'learning_rate': np.float64(0.09138926699158442), 'max_depth': 8, 'min_child_weight': 4, 'n_estimators': 688, 'reg_alpha': np.float64(0.00027672036180009937), 'reg_lambda': np.float64(14.698443857248922), 'subsample': np.float64(0.8359823588550545)}",0.6487341772151899,0.660377358490566,0.6141732283464567,0.6864274570982839,0.6401273885350318,0.6499679219371057,0.02373719607053175,77
0.6377805709838867,0.022799425437072657,0.03591923713684082,0.009023035785748102,0.6384706204365683,0.1459392947539871,10,8,850,4.826695968786644,0.0354881840301095,0.7364265404201034,"{'colsample_bytree': np.float64(0.6384706204365683), 'learning_rate': np.float64(0.1459392947539871), 'max_depth': 10, 'min_child_weight': 8, 'n_estimators': 850, 'reg_alpha': np.float64(4.826695968786644), 'reg_lambda': np.float64(0.0354881840301095), 'subsample': np.float64(0.7364265404201034)}",0.6509433962264151,0.6459627329192547,0.6173228346456693,0.6717791411042945,0.6635367762128326,0.6499089762216931,0.018668264666816512,78
0.5230490207672119,0.019676801001947068,0.02128119468688965,0.004334582103832539,0.6746074041599417,0.0012411515780473906,6,4,702,0.3595403709717694,17.29833026599907,0.7394663949166917,"{'colsample_bytree': np.float64(0.6746074041599417), 'learning_rate': np.float64(0.0012411515780473906), 'max_depth': 6, 'min_child_weight': 4, 'n_estimators': 702, 'reg_alpha': np.float64(0.3595403709717694), 'reg_lambda': np.float64(17.29833026599907), 'subsample': np.float64(0.7394663949166917)}",0.6649937264742786,0.6461159062885327,0.6301369863013698,0.648989898989899,0.6589446589446589,0.6498362353997477,0.011961023904351225,79
0.32436466217041016,0.03364433827537717,0.011043739318847657,0.0034886538585993817,0.8533603417266903,0.003569293590751656,5,7,482,0.0839132476615723,0.3992105000916601,0.8790670294787727,"{'colsample_bytree': np.float64(0.8533603417266903), 'learning_rate': np.float64(0.003569293590751656), 'max_depth': 5, 'min_child_weight': 7, 'n_estimators': 482, 'reg_alpha': np.float64(0.0839132476615723), 'reg_lambda': np.float64(0.3992105000916601), 'subsample': np.float64(0.8790670294787727)}",0.673469387755102,0.6434782608695652,0.631578947368421,0.6514575411913816,0.6480304955527318,0.6496029265474403,0.013695951667547055,80
0.25847644805908204,0.008643049496857309,0.010858964920043946,0.002678319023497468,0.6480658591222569,0.006118928352759411,6,5,346,0.00015982474183666182,26.414496454242247,0.8814631437520095,"{'colsample_bytree': np.float64(0.6480658591222569), 'learning_rate': np.float64(0.006118928352759411), 'max_depth': 6, 'min_child_weight': 5, 'n_estimators': 346, 'reg_alpha': np.float64(0.00015982474183666182), 'reg_lambda': np.float64(26.414496454242247), 'subsample': np.float64(0.8814631437520095)}",0.6649937264742786,0.6428571428571429,0.6276463262764632,0.6506935687263556,0.6598202824133504,0.6492022093495182,0.013185261509224933,81
0.17904820442199706,0.012944149913370692,0.006677484512329102,0.0023521948243460764,0.9160702162124823,0.02479317113554074,4,7,340,3.7566296134528474,25.12779099948729,0.7797802696552814,"{'colsample_bytree': np.float64(0.9160702162124823), 'learning_rate': np.float64(0.02479317113554074), 'max_depth': 4, 'min_child_weight': 7, 'n_estimators': 340, 'reg_alpha': np.float64(3.7566296134528474), 'reg_lambda': np.float64(25.12779099948729), 'subsample': np.float64(0.7797802696552814)}",0.6641414141414141,0.6451612903225806,0.6243781094527363,0.6523388116308471,0.6598726114649681,0.6491784474025093,0.013995983238828823,82
0.35007352828979493,0.018821694186607976,0.01595907211303711,0.00645614437560089,0.8090931317527976,0.009633513440110398,4,4,760,0.001019990229518244,38.287268393157056,0.7901480892728447,"{'colsample_bytree': np.float64(0.8090931317527976), 'learning_rate': np.float64(0.009633513440110398), 'max_depth': 4, 'min_child_weight': 4, 'n_estimators': 760, 'reg_alpha': np.float64(0.001019990229518244), 'reg_lambda': np.float64(38.287268393157056), 'subsample': np.float64(0.7901480892728447)}",0.6691823899371069,0.6403940886699507,0.6287128712871287,0.6498740554156172,0.6573957016434893,0.6491118213906585,0.013886305654462052,83
0.4918250560760498,0.01867622396675319,0.021695756912231447,0.002914701103137266,0.850375868040629,0.07723724542163443,10,2,342,0.0009526989223125313,0.018942844905792823,0.6403112005509707,"{'colsample_bytree': np.float64(0.850375868040629), 'learning_rate': np.float64(0.07723724542163443), 'max_depth': 10, 'min_child_weight': 2, 'n_estimators': 342, 'reg_alpha': np.float64(0.0009526989223125313), 'reg_lambda': np.float64(0.018942844905792823), 'subsample': np.float64(0.6403112005509707)}",0.6372549019607843,0.6536585365853659,0.6308943089430894,0.6835443037974683,0.6398659966499163,0.6490436095873249,0.018784007947117497,84
0.5212034702301025,0.07145927602390988,0.01615796089172363,0.003681797375925268,0.8989883752535026,0.0012145325265378753,10,3,306,0.27278942288804253,23.865068789775176,0.8998464928034349,"{'colsample_bytree': np.float64(0.8989883752535026), 'learning_rate': np.float64(0.0012145325265378753), 'max_depth': 10, 'min_child_weight': 3, 'n_estimators': 306, 'reg_alpha': np.float64(0.27278942288804253), 'reg_lambda': np.float64(23.865068789775176), 'subsample': np.float64(0.8998464928034349)}",0.6683608640406608,0.6533665835411472,0.6218905472636815,0.6523388116308471,0.6472819216182049,0.6486477456189083,0.015114969907828018,85
0.18680963516235352,0.023108825617481815,0.0060920238494873045,0.0004996923625051831,0.6720269089397194,0.04005629398445855,3,3,494,0.03768602000458684,78.0623097148008,0.8407741582163841,"{'colsample_bytree': np.float64(0.6720269089397194), 'learning_rate': np.float64(0.04005629398445855), 'max_depth': 3, 'min_child_weight': 3, 'n_estimators': 494, 'reg_alpha': np.float64(0.03768602000458684), 'reg_lambda': np.float64(78.0623097148008), 'subsample': np.float64(0.8407741582163841)}",0.6726114649681528,0.6444444444444445,0.6236024844720497,0.6531645569620254,0.648989898989899,0.6485625699673143,0.015745952311038033,86
0.22506179809570312,0.01005329901393386,0.008712244033813477,0.002053946086357114,0.6072887302606199,0.0016493623837247058,5,7,389,0.003934396739328545,23.960796124300757,0.6093087742943303,"{'colsample_bytree': np.float64(0.6072887302606199), 'learning_rate': np.float64(0.0016493623837247058), 'max_depth': 5, 'min_child_weight': 7, 'n_estimators': 389, 'reg_alpha': np.float64(0.003934396739328545), 'reg_lambda': np.float64(23.960796124300757), 'subsample': np.float64(0.6093087742943303)}",0.6666666666666666,0.645320197044335,0.6285714285714286,0.6473551637279596,0.6530612244897959,0.6481949361000371,0.0123202027809537,87
0.16238040924072267,0.01070692322433981,0.005231618881225586,3.0196633100893776e-05,0.900949811775072,0.0662898633177744,3,7,408,4.514872895978952,78.8847101527808,0.9983724968121317,"{'colsample_bytree': np.float64(0.900949811775072), 'learning_rate': np.float64(0.0662898633177744), 'max_depth': 3, 'min_child_weight': 7, 'n_estimators': 408, 'reg_alpha': np.float64(4.514872895978952), 'reg_lambda': np.float64(78.8847101527808), 'subsample': np.float64(0.9983724968121317)}",0.6624525916561315,0.6469135802469136,0.6318407960199005,0.6450809464508095,0.6533166458072591,0.6479209120362028,0.010079026822685215,88
0.6062023639678955,0.016309620873323175,0.020777797698974608,0.0045085148798308435,0.8347004662655393,0.16637245130674966,6,4,792,0.0005065486063975355,16.172900811143155,0.6298202574719083,"{'colsample_bytree': np.float64(0.8347004662655393), 'learning_rate': np.float64(0.16637245130674966), 'max_depth': 6, 'min_child_weight': 4, 'n_estimators': 792, 'reg_alpha': np.float64(0.0005065486063975355), 'reg_lambda': np.float64(16.172900811143155), 'subsample': np.float64(0.6298202574719083)}",0.630048465266559,0.6507936507936508,0.6141479099678456,0.6894409937888198,0.6484751203852327,0.6465812280404216,0.02523308629481114,89
0.33929195404052737,0.016290242702371747,0.014409589767456054,0.006725486631306332,0.6192235696788134,0.1527611076237379,6,2,479,0.007465571739720186,3.187422711813416,0.8012545034320351,"{'colsample_bytree': np.float64(0.6192235696788134), 'learning_rate': np.float64(0.1527611076237379), 'max_depth': 6, 'min_child_weight': 2, 'n_estimators': 479, 'reg_alpha': np.float64(0.007465571739720186), 'reg_lambda': np.float64(3.187422711813416), 'subsample': np.float64(0.8012545034320351)}",0.6369426751592356,0.6389776357827476,0.6185897435897436,0.68125,0.6558441558441559,0.6463208420751766,0.021079023198644135,90
0.22532920837402343,0.044646012135663625,0.005953693389892578,0.00023674994196878468,0.9929514467634426,0.001810526453159644,4,4,374,2.1258647437649865,18.547624023999152,0.7031611308179759,"{'colsample_bytree': np.float64(0.9929514467634426), 'learning_rate': np.float64(0.001810526453159644), 'max_depth': 4, 'min_child_weight': 4, 'n_estimators': 374, 'reg_alpha': np.float64(2.1258647437649865), 'reg_lambda': np.float64(18.547624023999152), 'subsample': np.float64(0.7031611308179759)}",0.6675062972292192,0.6406820950060901,0.6271604938271605,0.6482412060301508,0.6466916354556804,0.6460563455096603,0.013047707973916892,91
0.6304738521575928,0.014735076423810145,0.025090360641479494,0.005743562401153146,0.6453894084962356,0.1341985280922552,8,2,562,0.19948958651882567,18.573288333114874,0.822080324639785,"{'colsample_bytree': np.float64(0.6453894084962356), 'learning_rate': np.float64(0.1341985280922552), 'max_depth': 8, 'min_child_weight': 2, 'n_estimators': 562, 'reg_alpha': np.float64(0.19948958651882567), 'reg_lambda': np.float64(18.573288333114874), 'subsample': np.float64(0.822080324639785)}",0.6376811594202898,0.6487341772151899,0.6229508196721312,0.6740157480314961,0.6430868167202572,0.6452937442118728,0.01672613724573398,92
0.3317063331604004,0.024605826659167874,0.013194131851196288,0.0052213503136219535,0.6399939548647453,0.001327612314539996,7,1,375,0.005950123120915681,67.17436047911531,0.8707079617697213,"{'colsample_bytree': np.float64(0.6399939548647453), 'learning_rate': np.float64(0.001327612314539996), 'max_depth': 7, 'min_child_weight': 1, 'n_estimators': 375, 'reg_alpha': np.float64(0.005950123120915681), 'reg_lambda': np.float64(67.17436047911531), 'subsample': np.float64(0.8707079617697213)}",0.66167290886392,0.6398046398046398,0.6273062730627307,0.645,0.6522842639593909,0.6452136171381362,0.011583418929627994,93
0.6431954860687256,0.03914508494949621,0.03171496391296387,0.005815735010861935,0.9742539976883791,0.06413460067757831,10,4,553,0.00011116939907244587,0.025461628161276912,0.8654007076432223,"{'colsample_bytree': np.float64(0.9742539976883791), 'learning_rate': np.float64(0.06413460067757831), 'max_depth': 10, 'min_child_weight': 4, 'n_estimators': 553, 'reg_alpha': np.float64(0.00011116939907244587), 'reg_lambda': np.float64(0.025461628161276912), 'subsample': np.float64(0.8654007076432223)}",0.624390243902439,0.6476190476190476,0.6283891547049442,0.680379746835443,0.6451612903225806,0.6451878966768909,0.019794532644901386,94
0.3517605781555176,0.026288643167431354,0.017908525466918946,0.006573702927185318,0.706712405710114,0.17669339182505817,6,6,524,0.14851035064938561,5.282284718122493,0.8123738333268545,"{'colsample_bytree': np.float64(0.706712405710114), 'learning_rate': np.float64(0.17669339182505817), 'max_depth': 6, 'min_child_weight': 6, 'n_estimators': 524, 'reg_alpha': np.float64(0.14851035064938561), 'reg_lambda': np.float64(5.282284718122493), 'subsample': np.float64(0.8123738333268545)}",0.630048465266559,0.6300940438871473,0.6261980830670927,0.6802507836990596,0.6452648475120385,0.6423712446863794,0.020036886594396865,95
0.5291502475738525,0.036360390963410955,0.019079828262329103,0.004556228792626625,0.7671784126862315,0.16843481825220505,6,2,756,0.06959874664074465,2.0123258264958084,0.892659102119856,"{'colsample_bytree': np.float64(0.7671784126862315), 'learning_rate': np.float64(0.16843481825220505), 'max_depth': 6, 'min_child_weight': 2, 'n_estimators': 756, 'reg_alpha': np.float64(0.06959874664074465), 'reg_lambda': np.float64(2.0123258264958084), 'subsample': np.float64(0.892659102119856)}",0.618657937806874,0.6524590163934426,0.6089850249584027,0.6804451510333863,0.6390728476821192,0.639923995574845,0.025334878547761005,96
0.49797625541687013,0.02326380921011466,0.030881452560424804,0.0053378166311253234,0.610140297366183,0.16409028807352727,9,7,692,0.277012587434591,0.017091271850403912,0.9660854910505922,"{'colsample_bytree': np.float64(0.610140297366183), 'learning_rate': np.float64(0.16409028807352727), 'max_depth': 9, 'min_child_weight': 7, 'n_estimators': 692, 'reg_alpha': np.float64(0.277012587434591), 'reg_lambda': np.float64(0.017091271850403912), 'subsample': np.float64(0.9660854910505922)}",0.6331168831168831,0.639871382636656,0.6176470588235294,0.6752827140549273,0.6284779050736498,0.638879188741129,0.01958772734584128,97
0.516197919845581,0.01635654401736581,0.02642025947570801,0.005759387213767356,0.9376852562905246,0.1380373563978714,8,8,587,0.22683892690266658,0.27201141220324426,0.7016654596278955,"{'colsample_bytree': np.float64(0.9376852562905246), 'learning_rate': np.float64(0.1380373563978714), 'max_depth': 8, 'min_child_weight': 8, 'n_estimators': 587, 'reg_alpha': np.float64(0.22683892690266658), 'reg_lambda': np.float64(0.27201141220324426), 'subsample': np.float64(0.7016654596278955)}",0.6280193236714976,0.6353677621283255,0.6139240506329114,0.6719242902208202,0.6430868167202572,0.6384644486747624,0.019296883285072244,98
0.35172162055969236,0.014743635217502875,0.02174696922302246,0.0157899914660751,0.6173603133192691,0.1341627767210199,6,5,526,0.29995466148266026,0.020032640084288615,0.6664861727637011,"{'colsample_bytree': np.float64(0.6173603133192691), 'learning_rate': np.float64(0.1341627767210199), 'max_depth': 6, 'min_child_weight': 5, 'n_estimators': 526, 'reg_alpha': np.float64(0.29995466148266026), 'reg_lambda': np.float64(0.020032640084288615), 'subsample': np.float64(0.6664861727637011)}",0.6366559485530546,0.640625,0.603125,0.676056338028169,0.6265822784810127,0.6366089130124472,0.023638681596302065,99
0.5859777450561523,0.03838619673559062,0.02984004020690918,0.003368529104942182,0.7123852758368922,0.1537890212831992,10,6,707,0.12608487406759605,0.12868405331151608,0.6752484638895045,"{'colsample_bytree': np.float64(0.7123852758368922), 'learning_rate': np.float64(0.1537890212831992), 'max_depth': 10, 'min_child_weight': 6, 'n_estimators': 707, 'reg_alpha': np.float64(0.12608487406759605), 'reg_lambda': np.float64(0.12868405331151608), 'subsample': np.float64(0.6752484638895045)}",0.6111111111111112,0.6353322528363047,0.6110183639398998,0.6645161290322581,0.6435643564356436,0.6331084426710436,0.02035960903835837,100
